[
 {
  "titulo": "Repasar JS",
  "estado": "terminada"
 },
 {
  "titulo": "Armar aplicación de Tareas",
  "estado": "en progreso"
 },
 {
  "titulo": "Break",
  "estado": "pendiente"
 },
 {
  "titulo": "AAAA",
  "estado": "terminada"
 },
 {
  "titulo": "BBBB",
  "estado": "en progreso"
 },
 {
  "titulo": "CCCC",
  "estado": "pendiente"
 },
 {
  "titulo": "Titulo",
  "estado": "pendiente"
 },
 {
  "titulo": "Titulo 2",
  "estado": "pendiente"
 },
 {
  "titulo": "Titulo 2",
  "estado": "pendiente"
 },
 {
  "titulo": "Titulo 2",
  "estado": "pendiente"
 },
 {
  "titulo": "jugar al tejo",
  "estado": "pendiente"
 }
]